,ID,Gender,Marrital_status,Dependents,Education,Self_Employed,ApplicantIncome,PremiumAmount,Maturity_Term,Credit_History,Branch,Loan_Status,Benefits
0,IP001002,Male,No,0,Graduate,No,5849,146.41216216216216,36.0,1.0,Urban,Y,2736452.7027027025
1,IP001003,Male,Yes,1,Graduate,No,4583,128.0,36.0,1.0,Rural,N,2390000.0
2,IP001005,Male,Yes,0,Graduate,Yes,3000,66.0,36.0,1.0,Urban,Y,870000.0
3,IP001006,Male,Yes,0,Not Graduate,No,2583,120.0,36.0,1.0,Urban,Y,2300000.0
4,IP001008,Male,No,0,Graduate,No,6000,141.0,36.0,1.0,Urban,Y,2720000.0
5,IP001011,Male,Yes,2,Graduate,Yes,5417,267.0,36.0,1.0,Urban,Y,3770000.0
6,IP001013,Male,Yes,0,Not Graduate,No,2333,95.0,36.0,1.0,Urban,Y,2070000.0
7,IP001014,Male,Yes,3+,Graduate,No,3036,158.0,36.0,0.0,Semiurban,N,2790000.0
8,IP001018,Male,Yes,2,Graduate,No,4006,168.0,36.0,1.0,Urban,Y,2790000.0
9,IP001020,Male,Yes,1,Graduate,No,12841,349.0,36.0,1.0,Semiurban,N,57200000.0
10,IP001024,Male,Yes,2,Graduate,No,3200,70.0,36.0,1.0,Urban,Y,1000000.0
11,IP001027,Male,Yes,2,Graduate,No,2500,109.0,36.0,1.0,Urban,Y,2020000.0
12,IP001028,Male,Yes,2,Graduate,No,3073,200.0,36.0,1.0,Urban,Y,3000000.0
13,IP001029,Male,No,0,Graduate,No,1853,114.0,36.0,1.0,Rural,N,2270000.0
14,IP001030,Male,Yes,2,Graduate,No,1299,17.0,12.0,1.0,Urban,Y,270000.0
15,IP001032,Male,No,0,Graduate,No,4950,125.0,36.0,1.0,Urban,Y,2370000.0
16,IP001034,Male,No,1,Not Graduate,No,3596,100.0,24.0,0.8421985815602837,Urban,Y,1200000.0
17,IP001036,Female,No,0,Graduate,No,3510,76.0,36.0,0.0,Urban,N,1070000.0
18,IP001038,Male,Yes,0,Not Graduate,No,4887,133.0,36.0,1.0,Rural,N,2550000.0
19,IP001041,Male,Yes,0,Graduate,No,2600,115.0,34.245,1.0,Urban,Y,2270000.0
20,IP001043,Male,Yes,0,Not Graduate,No,7660,104.0,36.0,0.0,Urban,N,2070000.0
21,IP001046,Male,Yes,1,Graduate,No,5955,315.0,36.0,1.0,Urban,Y,5270000.0
22,IP001047,Male,Yes,0,Not Graduate,No,2600,116.0,36.0,0.0,Semiurban,N,2270000.0
23,IP001050,Male,Yes,2,Not Graduate,No,3365,112.0,36.0,0.0,Rural,N,2230000.0
24,IP001052,Male,Yes,1,Graduate,No,3717,151.0,36.0,0.8421985815602837,Semiurban,N,2720000.0
25,IP001066,Male,Yes,0,Graduate,Yes,9560,191.0,36.0,1.0,Semiurban,Y,2200000.0
26,IP001068,Male,Yes,0,Graduate,No,2799,122.0,36.0,1.0,Semiurban,Y,2330000.0
27,IP001073,Male,Yes,2,Not Graduate,No,4226,110.0,36.0,1.0,Urban,Y,2200000.0
28,IP001086,Male,No,0,Not Graduate,No,1442,35.0,36.0,1.0,Urban,N,570000.0
29,IP001087,Female,No,2,Graduate,No,3750,120.0,36.0,1.0,Semiurban,Y,2300000.0
30,IP001091,Male,Yes,1,Graduate,No,4166,201.0,36.0,0.8421985815602837,Urban,N,3020000.0
31,IP001095,Male,No,0,Graduate,No,3167,74.0,36.0,1.0,Urban,N,1070000.0
32,IP001097,Male,No,1,Graduate,Yes,4692,106.0,36.0,1.0,Rural,N,2070000.0
33,IP001098,Male,Yes,0,Graduate,No,3500,114.0,36.0,1.0,Semiurban,Y,2270000.0
34,IP001100,Male,No,3+,Graduate,No,12500,320.0,36.0,1.0,Rural,N,5300000.0
35,IP001106,Male,Yes,0,Graduate,No,2275,146.41216216216216,36.0,1.0,Urban,Y,2736452.7027027025
36,IP001109,Male,Yes,0,Graduate,No,1828,100.0,34.245,0.0,Urban,N,1200000.0
37,IP001112,Female,Yes,0,Graduate,No,3667,144.0,36.0,1.0,Semiurban,Y,2770000.0
38,IP001114,Male,No,0,Graduate,No,4166,184.0,36.0,1.0,Urban,Y,2970000.0
39,IP001116,Male,No,0,Not Graduate,No,3748,110.0,36.0,1.0,Semiurban,Y,2200000.0
40,IP001119,Male,No,0,Graduate,No,3600,80.0,36.0,1.0,Urban,N,1000000.0
41,IP001120,Male,No,0,Graduate,No,1800,47.0,36.0,1.0,Urban,Y,1120000.0
42,IP001123,Male,Yes,0,Graduate,No,2400,75.0,36.0,0.8421985815602837,Urban,Y,1110000.0
43,IP001131,Male,Yes,0,Graduate,No,3941,134.0,36.0,1.0,Semiurban,Y,2570000.0
44,IP001136,Male,Yes,0,Not Graduate,Yes,4695,96.0,34.245,1.0,Urban,Y,2070000.0
45,IP001137,Female,No,0,Graduate,No,3410,88.0,34.245,1.0,Urban,Y,1060000.0
46,IP001138,Male,Yes,1,Graduate,No,5649,44.0,36.0,1.0,Urban,Y,770000.0
47,IP001144,Male,Yes,0,Graduate,No,5821,144.0,36.0,1.0,Urban,Y,1900000.0
48,IP001146,Female,Yes,0,Graduate,No,2645,120.0,36.0,0.0,Urban,N,2300000.0
49,IP001151,Female,No,0,Graduate,No,4000,144.0,36.0,1.0,Semiurban,Y,2770000.0
50,IP001155,Female,Yes,0,Not Graduate,No,1928,100.0,36.0,1.0,Semiurban,Y,1200000.0
51,IP001157,Female,No,0,Graduate,No,3086,120.0,36.0,1.0,Semiurban,Y,2300000.0
52,IP001164,Female,No,0,Graduate,No,4230,112.0,36.0,1.0,Semiurban,N,2230000.0
53,IP001179,Male,Yes,2,Graduate,No,4616,134.0,36.0,1.0,Urban,N,2570000.0
54,IP001186,Female,Yes,1,Graduate,Yes,11500,286.0,36.0,0.0,Urban,N,3970000.0
55,IP001194,Male,Yes,2,Graduate,No,2708,97.0,36.0,1.0,Semiurban,Y,2070000.0
56,IP001195,Male,Yes,0,Graduate,No,2132,96.0,36.0,1.0,Semiurban,Y,2070000.0
57,IP001197,Male,Yes,0,Graduate,No,3366,135.0,36.0,1.0,Rural,N,2570000.0
58,IP001198,Male,Yes,1,Graduate,No,8080,180.0,36.0,1.0,Urban,Y,2900000.0
59,IP001199,Male,Yes,2,Not Graduate,No,3357,144.0,36.0,1.0,Urban,Y,2770000.0
60,IP001205,Male,Yes,0,Graduate,No,2500,120.0,36.0,1.0,Urban,Y,2300000.0
61,IP001206,Male,Yes,3+,Graduate,No,3029,99.0,36.0,1.0,Urban,Y,1200000.0
62,IP001207,Male,Yes,0,Not Graduate,Yes,2609,165.0,18.0,0.0,Rural,N,2770000.0
63,IP001213,Male,Yes,1,Graduate,No,4945,146.41216216216216,36.0,0.0,Rural,N,2736452.7027027025
64,IP001222,Female,No,0,Graduate,No,4166,116.0,36.0,0.0,Semiurban,N,2270000.0
65,IP001225,Male,Yes,0,Graduate,No,5726,258.0,36.0,1.0,Semiurban,N,3790000.0
66,IP001228,Male,No,0,Not Graduate,No,3200,126.0,18.0,0.0,Urban,N,2370000.0
67,IP001233,Male,Yes,1,Graduate,No,10750,312.0,36.0,1.0,Urban,Y,5230000.0
68,IP001238,Male,Yes,3+,Not Graduate,Yes,7100,125.0,6.0,1.0,Urban,Y,2370000.0
69,IP001241,Female,No,0,Graduate,No,4300,136.0,36.0,0.0,Semiurban,N,2570000.0
70,IP001243,Male,Yes,0,Graduate,No,3208,172.0,36.0,1.0,Urban,Y,2730000.0
71,IP001245,Male,Yes,2,Not Graduate,Yes,1875,97.0,36.0,1.0,Semiurban,Y,2070000.0
72,IP001248,Male,No,0,Graduate,No,3500,81.0,3.0,1.0,Semiurban,Y,920000.0
73,IP001250,Male,Yes,3+,Not Graduate,No,4755,95.0,34.245,0.0,Semiurban,N,2070000.0
74,IP001253,Male,Yes,3+,Graduate,Yes,5266,187.0,36.0,1.0,Semiurban,Y,2970000.0
75,IP001255,Male,No,0,Graduate,No,3750,113.0,48.0,1.0,Urban,N,2250000.0
76,IP001256,Male,No,0,Graduate,No,3750,176.0,36.0,1.0,Urban,N,2770000.0
77,IP001259,Male,Yes,1,Graduate,Yes,1000,110.0,36.0,1.0,Urban,N,2200000.0
78,IP001263,Male,Yes,3+,Graduate,No,3167,180.0,3.0,0.0,Semiurban,N,2900000.0
79,IP001264,Male,Yes,3+,Not Graduate,Yes,3333,130.0,36.0,0.8421985815602837,Semiurban,Y,2500000.0
80,IP001265,Female,No,0,Graduate,No,3846,111.0,36.0,1.0,Semiurban,Y,2220000.0
81,IP001266,Male,Yes,1,Graduate,Yes,2395,146.41216216216216,36.0,1.0,Semiurban,Y,2736452.7027027025
82,IP001267,Female,Yes,2,Graduate,No,1378,167.0,36.0,1.0,Urban,N,2770000.0
83,IP001273,Male,Yes,0,Graduate,No,6000,265.0,36.0,0.8421985815602837,Semiurban,N,3770000.0
84,IP001275,Male,Yes,1,Graduate,No,3988,50.0,24.0,1.0,Urban,Y,700000.0
85,IP001279,Male,No,0,Graduate,No,2366,136.0,36.0,1.0,Semiurban,Y,2570000.0
86,IP001280,Male,Yes,2,Not Graduate,No,3333,99.0,36.0,0.8421985815602837,Semiurban,Y,2010000.0
87,IP001282,Male,Yes,0,Graduate,No,2500,104.0,36.0,1.0,Semiurban,Y,2070000.0
88,IP001289,Male,No,0,Graduate,No,8566,210.0,36.0,1.0,Urban,Y,3200000.0
89,IP001310,Male,Yes,0,Graduate,No,5695,175.0,36.0,1.0,Semiurban,Y,2770000.0
90,IP001316,Male,Yes,0,Graduate,No,2958,131.0,36.0,1.0,Semiurban,Y,2520000.0
91,IP001318,Male,Yes,2,Graduate,No,6250,188.0,18.0,1.0,Semiurban,Y,2990000.0
92,IP001319,Male,Yes,2,Not Graduate,No,3273,81.0,36.0,1.0,Urban,Y,1120000.0
93,IP001322,Male,No,0,Graduate,No,4133,122.0,36.0,1.0,Semiurban,Y,2330000.0
94,IP001325,Male,No,0,Not Graduate,No,3620,25.0,12.0,1.0,Semiurban,Y,370000.0
95,IP001326,Male,No,0,Graduate,No,6782,146.41216216216216,36.0,0.8421985815602837,Urban,N,2736452.7027027025
96,IP001327,Female,Yes,0,Graduate,No,2484,137.0,36.0,1.0,Semiurban,Y,2570000.0
97,IP001333,Male,Yes,0,Graduate,No,1977,50.0,36.0,1.0,Semiurban,Y,700000.0
98,IP001334,Male,Yes,0,Not Graduate,No,4188,115.0,18.0,1.0,Semiurban,Y,2270000.0
99,IP001343,Male,Yes,0,Graduate,No,1759,131.0,36.0,1.0,Semiurban,Y,2520000.0
100,IP001345,Male,Yes,2,Not Graduate,No,4288,133.0,18.0,1.0,Urban,Y,2550000.0
101,IP001349,Male,No,0,Graduate,No,4843,151.0,36.0,1.0,Semiurban,Y,2720000.0
102,IP001350,Male,Yes,0,Graduate,No,13650,146.41216216216216,36.0,1.0,Urban,Y,2736452.7027027025
103,IP001356,Male,Yes,0,Graduate,No,4652,146.41216216216216,36.0,1.0,Semiurban,Y,2736452.7027027025
104,IP001357,Male,Yes,0,Graduate,No,3816,160.0,36.0,1.0,Urban,Y,2700000.0
105,IP001367,Male,Yes,1,Graduate,No,3052,100.0,36.0,1.0,Urban,Y,1200000.0
106,IP001369,Male,Yes,2,Graduate,No,11417,225.0,36.0,1.0,Urban,Y,3370000.0
107,IP001370,Male,No,0,Not Graduate,No,7333,120.0,36.0,1.0,Rural,N,2300000.0
108,IP001379,Male,Yes,2,Graduate,No,3800,216.0,36.0,0.0,Urban,N,3270000.0
109,IP001384,Male,Yes,3+,Not Graduate,No,2071,94.0,48.0,1.0,Semiurban,Y,2070000.0
110,IP001385,Male,No,0,Graduate,No,5316,136.0,36.0,1.0,Urban,Y,2570000.0
111,IP001387,Female,Yes,0,Graduate,No,2929,139.0,36.0,1.0,Semiurban,Y,2330000.0
112,IP001391,Male,Yes,0,Not Graduate,No,3572,152.0,34.245,0.0,Rural,N,2730000.0
113,IP001392,Female,No,1,Graduate,Yes,7451,146.41216216216216,36.0,1.0,Semiurban,Y,2736452.7027027025
114,IP001398,Male,No,0,Graduate,No,5050,118.0,36.0,1.0,Semiurban,Y,2290000.0
115,IP001401,Male,Yes,1,Graduate,No,14583,185.0,18.0,1.0,Rural,Y,2970000.0
116,IP001404,Female,Yes,0,Graduate,No,3167,154.0,36.0,1.0,Semiurban,Y,2770000.0
117,IP001405,Male,Yes,1,Graduate,No,2214,85.0,36.0,0.8421985815602837,Urban,Y,1070000.0
118,IP001421,Male,Yes,0,Graduate,No,5568,175.0,36.0,1.0,Rural,N,2770000.0
119,IP001422,Female,No,0,Graduate,No,10408,259.0,36.0,1.0,Urban,Y,3700000.0
120,IP001426,Male,Yes,0,Graduate,No,5667,180.0,36.0,1.0,Rural,Y,2900000.0
121,IP001430,Female,No,0,Graduate,No,4166,44.0,36.0,1.0,Semiurban,Y,770000.0
122,IP001431,Female,No,0,Graduate,No,2137,137.0,36.0,0.0,Semiurban,Y,2570000.0
123,IP001432,Male,Yes,2,Graduate,No,2957,81.0,36.0,1.0,Semiurban,Y,1220000.0
124,IP001439,Male,Yes,0,Not Graduate,No,4300,194.0,36.0,1.0,Rural,Y,2200000.0
125,IP001443,Female,No,0,Graduate,No,3692,93.0,36.0,0.8421985815602837,Rural,Y,2050000.0
126,IP001448,Male,Yes,3+,Graduate,No,23803,370.0,36.0,1.0,Rural,Y,5700000.0
127,IP001449,Male,No,0,Graduate,No,3865,146.41216216216216,36.0,1.0,Rural,Y,2736452.7027027025
128,IP001451,Male,Yes,1,Graduate,Yes,10513,160.0,18.0,0.0,Urban,N,2700000.0
129,IP001465,Male,Yes,0,Graduate,No,6080,182.0,36.0,0.8421985815602837,Rural,N,2930000.0
130,IP001469,Male,No,0,Graduate,Yes,20166,650.0,48.0,0.8421985815602837,Urban,Y,7700000.0
131,IP001473,Male,No,0,Graduate,No,2014,74.0,36.0,1.0,Urban,Y,1270000.0
132,IP001478,Male,No,0,Graduate,No,2718,70.0,36.0,1.0,Semiurban,Y,1300000.0
133,IP001482,Male,Yes,0,Graduate,Yes,3459,25.0,12.0,1.0,Semiurban,Y,370000.0
134,IP001487,Male,No,0,Graduate,No,4895,102.0,36.0,1.0,Semiurban,Y,2030000.0
135,IP001488,Male,Yes,3+,Graduate,No,4000,290.0,36.0,1.0,Semiurban,N,3700000.0
136,IP001489,Female,Yes,0,Graduate,No,4583,84.0,36.0,1.0,Rural,N,1170000.0
137,IP001491,Male,Yes,2,Graduate,Yes,3316,88.0,36.0,1.0,Urban,Y,1090000.0
138,IP001492,Male,No,0,Graduate,No,14999,242.0,36.0,0.0,Semiurban,N,3730000.0
139,IP001493,Male,Yes,2,Not Graduate,No,4200,129.0,36.0,1.0,Rural,N,23200000.0
140,IP001497,Male,Yes,2,Graduate,No,5042,185.0,36.0,1.0,Rural,N,2970000.0
141,IP001498,Male,No,0,Graduate,No,5417,168.0,36.0,1.0,Urban,Y,2790000.0
142,IP001504,Male,No,0,Graduate,Yes,6950,175.0,18.0,1.0,Semiurban,Y,2770000.0
143,IP001507,Male,Yes,0,Graduate,No,2698,122.0,36.0,1.0,Semiurban,Y,2330000.0
144,IP001508,Male,Yes,2,Graduate,No,11757,187.0,18.0,1.0,Urban,Y,2970000.0
145,IP001514,Female,Yes,0,Graduate,No,2330,100.0,36.0,1.0,Semiurban,Y,1200000.0
146,IP001516,Female,Yes,2,Graduate,No,14866,70.0,36.0,1.0,Urban,Y,700000.0
147,IP001518,Male,Yes,1,Graduate,No,1538,30.0,36.0,1.0,Urban,Y,700000.0
148,IP001519,Female,No,0,Graduate,No,10000,225.0,36.0,1.0,Rural,N,3370000.0
149,IP001520,Male,Yes,0,Graduate,No,4860,125.0,36.0,1.0,Semiurban,Y,2370000.0
150,IP001528,Male,No,0,Graduate,No,6277,118.0,36.0,0.0,Rural,N,2290000.0
151,IP001529,Male,Yes,0,Graduate,Yes,2577,152.0,36.0,1.0,Rural,Y,2730000.0
152,IP001531,Male,No,0,Graduate,No,9166,244.0,36.0,1.0,Urban,N,3770000.0
153,IP001532,Male,Yes,2,Not Graduate,No,2281,113.0,36.0,1.0,Rural,N,2250000.0
154,IP001535,Male,No,0,Graduate,No,3254,50.0,36.0,1.0,Urban,Y,800000.0
155,IP001536,Male,Yes,3+,Graduate,No,39999,600.0,18.0,0.0,Semiurban,Y,7000000.0
156,IP001541,Male,Yes,1,Graduate,No,6000,160.0,36.0,0.8421985815602837,Rural,Y,2700000.0
157,IP001543,Male,Yes,1,Graduate,No,9538,187.0,36.0,1.0,Urban,Y,2970000.0
158,IP001546,Male,No,0,Graduate,No,2980,120.0,36.0,1.0,Rural,Y,2300000.0
159,IP001552,Male,Yes,0,Graduate,No,4583,255.0,36.0,1.0,Semiurban,Y,3770000.0
160,IP001560,Male,Yes,0,Not Graduate,No,1863,98.0,36.0,1.0,Semiurban,Y,2090000.0
161,IP001562,Male,Yes,0,Graduate,No,7933,275.0,36.0,1.0,Urban,N,3770000.0
162,IP001565,Male,Yes,1,Graduate,No,3089,121.0,36.0,0.0,Semiurban,N,2320000.0
163,IP001570,Male,Yes,2,Graduate,No,4167,158.0,36.0,1.0,Rural,Y,2790000.0
164,IP001572,Male,Yes,0,Graduate,No,9323,75.0,18.0,1.0,Urban,Y,1070000.0
165,IP001574,Male,Yes,0,Graduate,No,3707,182.0,34.245,1.0,Rural,Y,2930000.0
166,IP001577,Female,Yes,0,Graduate,No,4583,112.0,36.0,1.0,Rural,N,2230000.0
167,IP001578,Male,Yes,0,Graduate,No,2439,129.0,36.0,1.0,Rural,Y,23200000.0
168,IP001579,Male,No,0,Graduate,No,2237,63.0,48.0,0.0,Semiurban,N,1150000.0
169,IP001580,Male,Yes,2,Graduate,No,8000,200.0,36.0,1.0,Semiurban,Y,3000000.0
170,IP001581,Male,Yes,0,Not Graduate,No,1820,95.0,36.0,1.0,Rural,Y,2070000.0
171,IP001585,Male,Yes,3+,Graduate,No,51763,700.0,3.0,1.0,Urban,Y,7000000.0
172,IP001586,Male,Yes,3+,Not Graduate,No,3522,81.0,18.0,1.0,Rural,N,990000.0
173,IP001594,Male,Yes,0,Graduate,No,5708,187.0,36.0,1.0,Semiurban,Y,2970000.0
174,IP001603,Male,Yes,0,Not Graduate,Yes,4344,87.0,36.0,1.0,Semiurban,N,1110000.0
175,IP001606,Male,Yes,0,Graduate,No,3497,116.0,36.0,1.0,Rural,Y,2270000.0
176,IP001608,Male,Yes,2,Graduate,No,2045,101.0,36.0,1.0,Rural,Y,2020000.0
177,IP001610,Male,Yes,3+,Graduate,No,5516,495.0,36.0,0.0,Semiurban,N,72070000.0
178,IP001616,Male,Yes,1,Graduate,No,3750,116.0,36.0,1.0,Semiurban,Y,2270000.0
179,IP001630,Male,No,0,Not Graduate,No,2333,102.0,48.0,0.0,Urban,N,2030000.0
180,IP001633,Male,Yes,1,Graduate,No,6400,180.0,36.0,0.0,Urban,N,2900000.0
181,IP001634,Male,No,0,Graduate,No,1916,67.0,36.0,0.8421985815602837,Rural,N,1770000.0
182,IP001636,Male,Yes,0,Graduate,No,4600,73.0,18.0,1.0,Semiurban,Y,1050000.0
183,IP001637,Male,Yes,1,Graduate,No,33846,260.0,36.0,1.0,Semiurban,N,3700000.0
184,IP001639,Female,Yes,0,Graduate,No,3625,108.0,36.0,1.0,Semiurban,Y,2090000.0
185,IP001640,Male,Yes,0,Graduate,Yes,39147,120.0,36.0,1.0,Semiurban,Y,2300000.0
186,IP001641,Male,Yes,1,Graduate,Yes,2178,66.0,3.0,0.0,Rural,N,100000.0
187,IP001643,Male,Yes,0,Graduate,No,2383,58.0,36.0,0.8421985815602837,Rural,Y,1090000.0
188,IP001644,Male,Yes,0,Graduate,Yes,674,168.0,36.0,1.0,Rural,Y,2790000.0
189,IP001647,Male,Yes,0,Graduate,No,9328,188.0,18.0,1.0,Rural,Y,2990000.0
190,IP001653,Male,No,0,Not Graduate,No,4885,48.0,36.0,1.0,Rural,Y,1190000.0
191,IP001656,Male,No,0,Graduate,No,12000,164.0,36.0,1.0,Semiurban,N,2770000.0
192,IP001657,Male,Yes,0,Not Graduate,No,6033,160.0,36.0,1.0,Urban,N,2700000.0
193,IP001658,Male,No,0,Graduate,No,3858,76.0,36.0,1.0,Semiurban,Y,1070000.0
194,IP001664,Male,No,0,Graduate,No,4191,120.0,36.0,1.0,Rural,Y,2300000.0
195,IP001665,Male,Yes,1,Graduate,No,3125,170.0,36.0,1.0,Semiurban,N,2700000.0
196,IP001666,Male,No,0,Graduate,No,8333,187.0,36.0,1.0,Rural,Y,2970000.0
197,IP001669,Female,No,0,Not Graduate,No,1907,120.0,34.245,1.0,Urban,Y,2300000.0
198,IP001671,Female,Yes,0,Graduate,No,3416,113.0,36.0,0.8421985815602837,Semiurban,Y,2250000.0
199,IP001673,Male,No,0,Graduate,Yes,11000,83.0,36.0,1.0,Urban,N,1050000.0
200,IP001674,Male,Yes,1,Not Graduate,No,2600,90.0,36.0,1.0,Semiurban,Y,1200000.0
201,IP001677,Male,No,2,Graduate,No,4923,166.0,36.0,0.0,Semiurban,Y,2770000.0
202,IP001682,Male,Yes,3+,Not Graduate,No,3992,146.41216216216216,18.0,1.0,Urban,N,2736452.7027027025
203,IP001688,Male,Yes,1,Not Graduate,No,3500,135.0,36.0,1.0,Urban,Y,2570000.0
204,IP001691,Male,Yes,2,Not Graduate,No,3917,124.0,36.0,1.0,Semiurban,Y,2370000.0
205,IP001692,Female,No,0,Not Graduate,No,4408,120.0,36.0,1.0,Semiurban,Y,2300000.0
206,IP001693,Female,No,0,Graduate,No,3244,80.0,36.0,1.0,Urban,Y,1100000.0
207,IP001698,Male,No,0,Not Graduate,No,3975,55.0,36.0,1.0,Rural,Y,970000.0
208,IP001699,Male,No,0,Graduate,No,2479,59.0,36.0,1.0,Urban,Y,7200000.0
209,IP001702,Male,No,0,Graduate,No,3418,127.0,36.0,1.0,Semiurban,N,2370000.0
210,IP001708,Female,No,0,Graduate,No,10000,214.0,36.0,1.0,Semiurban,N,3270000.0
211,IP001711,Male,Yes,3+,Graduate,No,3430,128.0,36.0,0.0,Semiurban,N,2390000.0
212,IP001713,Male,Yes,1,Graduate,Yes,7787,240.0,36.0,1.0,Urban,Y,3700000.0
213,IP001715,Male,Yes,3+,Not Graduate,Yes,5703,130.0,36.0,1.0,Rural,Y,2500000.0
214,IP001716,Male,Yes,0,Graduate,No,3173,137.0,36.0,1.0,Urban,Y,2570000.0
215,IP001720,Male,Yes,3+,Not Graduate,No,3850,100.0,36.0,1.0,Semiurban,Y,1200000.0
216,IP001722,Male,Yes,0,Graduate,No,150,135.0,36.0,1.0,Rural,N,2570000.0
217,IP001726,Male,Yes,0,Graduate,No,3727,131.0,36.0,1.0,Semiurban,Y,2520000.0
218,IP001732,Male,Yes,2,Graduate,No,5000,72.0,36.0,0.0,Semiurban,N,1030000.0
219,IP001734,Female,Yes,2,Graduate,No,4283,127.0,36.0,0.8421985815602837,Semiurban,Y,2370000.0
220,IP001736,Male,Yes,0,Graduate,No,2221,60.0,36.0,0.0,Urban,N,1000000.0
221,IP001743,Male,Yes,2,Graduate,No,4009,116.0,36.0,1.0,Semiurban,Y,2270000.0
222,IP001744,Male,No,0,Graduate,No,2971,144.0,36.0,1.0,Semiurban,Y,2770000.0
223,IP001749,Male,Yes,0,Graduate,No,7578,175.0,34.245,1.0,Semiurban,Y,2770000.0
224,IP001750,Male,Yes,0,Graduate,No,6250,128.0,36.0,1.0,Semiurban,Y,2390000.0
225,IP001751,Male,Yes,0,Graduate,No,3250,170.0,36.0,1.0,Rural,N,2700000.0
226,IP001754,Male,Yes,0,Not Graduate,Yes,4735,138.0,36.0,1.0,Urban,N,2590000.0
227,IP001758,Male,Yes,2,Graduate,No,6250,210.0,36.0,1.0,Semiurban,Y,3200000.0
228,IP001760,Male,Yes,0,Graduate,No,4758,158.0,48.0,1.0,Semiurban,Y,2790000.0
229,IP001761,Male,No,0,Graduate,Yes,6400,200.0,36.0,1.0,Rural,Y,3000000.0
230,IP001765,Male,Yes,1,Graduate,No,2491,104.0,36.0,1.0,Semiurban,Y,2070000.0
231,IP001768,Male,Yes,0,Graduate,No,3716,42.0,18.0,1.0,Rural,Y,830000.0
232,IP001770,Male,No,0,Not Graduate,No,3189,120.0,34.245,1.0,Rural,Y,2300000.0
233,IP001776,Female,No,0,Graduate,No,8333,280.0,36.0,1.0,Semiurban,Y,3900000.0
234,IP001778,Male,Yes,1,Graduate,No,3155,140.0,36.0,1.0,Semiurban,Y,2700000.0
235,IP001784,Male,Yes,1,Graduate,No,5500,170.0,36.0,1.0,Rural,Y,2700000.0
236,IP001786,Male,Yes,0,Graduate,No,5746,255.0,36.0,0.8421985815602837,Urban,N,3770000.0
237,IP001788,Female,No,0,Graduate,Yes,3463,122.0,36.0,0.8421985815602837,Urban,Y,2330000.0
238,IP001790,Female,No,1,Graduate,No,3812,112.0,36.0,1.0,Rural,Y,2230000.0
239,IP001792,Male,Yes,1,Graduate,No,3315,96.0,36.0,1.0,Semiurban,Y,1270000.0
240,IP001798,Male,Yes,2,Graduate,No,5819,120.0,36.0,1.0,Rural,Y,2300000.0
241,IP001800,Male,Yes,1,Not Graduate,No,2510,140.0,18.0,1.0,Urban,N,2700000.0
242,IP001806,Male,No,0,Graduate,No,2965,155.0,6.0,1.0,Urban,Y,2770000.0
243,IP001807,Male,Yes,2,Graduate,Yes,6250,108.0,36.0,1.0,Rural,Y,2090000.0
244,IP001811,Male,Yes,0,Not Graduate,No,3406,123.0,36.0,1.0,Semiurban,Y,2350000.0
245,IP001813,Male,No,0,Graduate,Yes,6050,120.0,18.0,1.0,Urban,N,2300000.0
246,IP001814,Male,Yes,2,Graduate,No,9703,112.0,36.0,1.0,Urban,Y,2230000.0
247,IP001819,Male,Yes,1,Not Graduate,No,6608,137.0,18.0,1.0,Urban,Y,2570000.0
248,IP001824,Male,Yes,1,Graduate,No,2882,123.0,48.0,1.0,Semiurban,Y,2350000.0
249,IP001825,Male,Yes,0,Graduate,No,1809,90.0,36.0,1.0,Urban,Y,1200000.0
250,IP001835,Male,Yes,0,Not Graduate,No,1668,201.0,36.0,0.0,Semiurban,N,3020000.0
251,IP001836,Female,No,2,Graduate,No,3427,138.0,36.0,1.0,Urban,N,2590000.0
252,IP001841,Male,No,0,Not Graduate,Yes,2583,104.0,36.0,1.0,Rural,Y,2070000.0
253,IP001843,Male,Yes,1,Not Graduate,No,2661,279.0,18.0,1.0,Semiurban,Y,3700000.0
254,IP001844,Male,No,0,Graduate,Yes,16250,192.0,36.0,0.0,Urban,N,2230000.0
255,IP001846,Female,No,3+,Graduate,No,3083,255.0,36.0,1.0,Rural,Y,3770000.0
256,IP001849,Male,No,0,Not Graduate,No,6045,115.0,36.0,0.0,Rural,N,2270000.0
257,IP001854,Male,Yes,3+,Graduate,No,5250,94.0,36.0,1.0,Urban,N,1270000.0
258,IP001859,Male,Yes,0,Graduate,No,14683,304.0,36.0,1.0,Rural,N,4070000.0
259,IP001864,Male,Yes,3+,Not Graduate,No,4931,128.0,36.0,0.8421985815602837,Semiurban,N,2390000.0
260,IP001865,Male,Yes,1,Graduate,No,6083,330.0,36.0,0.8421985815602837,Urban,Y,5500000.0
261,IP001868,Male,No,0,Graduate,No,2060,134.0,36.0,1.0,Semiurban,Y,2570000.0
262,IP001870,Female,No,1,Graduate,No,3481,155.0,36.0,1.0,Semiurban,N,2770000.0
263,IP001871,Female,No,0,Graduate,No,7200,120.0,36.0,1.0,Rural,Y,2300000.0
264,IP001872,Male,No,0,Graduate,Yes,5166,128.0,36.0,1.0,Semiurban,Y,2390000.0
265,IP001875,Male,No,0,Graduate,No,4095,151.0,36.0,1.0,Rural,Y,2720000.0
266,IP001877,Male,Yes,2,Graduate,No,4708,150.0,36.0,1.0,Semiurban,Y,2700000.0
267,IP001882,Male,Yes,3+,Graduate,No,4333,160.0,36.0,0.0,Urban,Y,2700000.0
268,IP001883,Female,No,0,Graduate,No,3418,135.0,36.0,1.0,Rural,N,2570000.0
269,IP001884,Female,No,1,Graduate,No,2876,90.0,36.0,1.0,Urban,Y,1200000.0
270,IP001888,Female,No,0,Graduate,No,3237,30.0,36.0,1.0,Urban,Y,800000.0
271,IP001891,Male,Yes,0,Graduate,No,11146,136.0,36.0,1.0,Urban,Y,2570000.0
272,IP001892,Male,No,0,Graduate,No,2833,126.0,36.0,1.0,Rural,Y,2370000.0
273,IP001894,Male,Yes,0,Graduate,No,2620,150.0,36.0,1.0,Semiurban,Y,2700000.0
274,IP001896,Male,Yes,2,Graduate,No,3900,90.0,36.0,1.0,Semiurban,Y,1200000.0
275,IP001900,Male,Yes,1,Graduate,No,2750,115.0,36.0,1.0,Semiurban,Y,2270000.0
276,IP001903,Male,Yes,0,Graduate,No,3993,207.0,36.0,1.0,Semiurban,Y,3070000.0
277,IP001904,Male,Yes,0,Graduate,No,3103,80.0,36.0,1.0,Urban,Y,1600000.0
278,IP001907,Male,Yes,0,Graduate,No,14583,436.0,36.0,1.0,Semiurban,Y,5570000.0
279,IP001908,Female,Yes,0,Not Graduate,No,4100,124.0,36.0,0.8421985815602837,Rural,Y,2370000.0
280,IP001910,Male,No,1,Not Graduate,Yes,4053,158.0,36.0,0.0,Urban,N,2790000.0
281,IP001914,Male,Yes,0,Graduate,No,3927,112.0,36.0,1.0,Semiurban,Y,2230000.0
282,IP001915,Male,Yes,2,Graduate,No,2301,78.0,18.0,1.0,Urban,Y,1190000.0
283,IP001917,Female,No,0,Graduate,No,1811,54.0,36.0,1.0,Urban,Y,1170000.0
284,IP001922,Male,Yes,0,Graduate,No,20667,146.41216216216216,36.0,1.0,Rural,N,2736452.7027027025
285,IP001924,Male,No,0,Graduate,No,3158,89.0,36.0,1.0,Rural,Y,1200000.0
286,IP001925,Female,No,0,Graduate,Yes,2600,99.0,3.0,1.0,Semiurban,N,1320000.0
287,IP001926,Male,Yes,0,Graduate,No,3704,120.0,36.0,1.0,Rural,Y,2300000.0
288,IP001931,Female,No,0,Graduate,No,4124,115.0,36.0,1.0,Semiurban,Y,2270000.0
289,IP001935,Male,No,0,Graduate,No,9508,187.0,36.0,1.0,Rural,Y,2970000.0
290,IP001936,Male,Yes,0,Graduate,No,3075,139.0,36.0,1.0,Rural,Y,2200000.0
291,IP001938,Male,Yes,2,Graduate,No,4400,127.0,36.0,0.0,Semiurban,N,2370000.0
292,IP001940,Male,Yes,2,Graduate,No,3153,134.0,36.0,1.0,Urban,Y,2570000.0
293,IP001945,Female,No,0,Graduate,No,5417,143.0,48.0,0.0,Urban,N,2750000.0
294,IP001947,Male,Yes,0,Graduate,No,2383,172.0,36.0,1.0,Semiurban,Y,2730000.0
295,IP001949,Male,Yes,3+,Graduate,No,4416,110.0,36.0,1.0,Urban,Y,2200000.0
296,IP001953,Male,Yes,1,Graduate,No,6875,200.0,36.0,1.0,Semiurban,Y,3000000.0
297,IP001954,Female,Yes,1,Graduate,No,4666,135.0,36.0,1.0,Urban,Y,2570000.0
298,IP001955,Female,No,0,Graduate,No,5000,151.0,48.0,1.0,Rural,N,2220000.0
299,IP001963,Male,Yes,1,Graduate,No,2014,113.0,36.0,1.0,Urban,N,2250000.0
300,IP001964,Male,Yes,0,Not Graduate,No,1800,93.0,36.0,0.0,Urban,N,1650000.0
301,IP001972,Male,Yes,0,Not Graduate,No,2875,105.0,36.0,1.0,Semiurban,Y,2070000.0
302,IP001974,Female,No,0,Graduate,No,5000,132.0,36.0,1.0,Rural,Y,2530000.0
303,IP001977,Male,Yes,1,Graduate,No,1625,96.0,36.0,1.0,Urban,Y,1270000.0
304,IP001978,Male,No,0,Graduate,No,4000,140.0,36.0,1.0,Rural,Y,2700000.0
305,IP001990,Male,No,0,Not Graduate,No,2000,146.41216216216216,36.0,1.0,Urban,N,2736452.7027027025
306,IP001993,Female,No,0,Graduate,No,3762,135.0,36.0,1.0,Rural,Y,2570000.0
307,IP001994,Female,No,0,Graduate,No,2400,104.0,36.0,0.0,Urban,N,2070000.0
308,IP001996,Male,No,0,Graduate,No,20233,480.0,36.0,1.0,Rural,N,7900000.0
309,IP001998,Male,Yes,2,Not Graduate,No,7667,185.0,36.0,0.8421985815602837,Rural,Y,2970000.0
310,IP002002,Female,No,0,Graduate,No,2917,84.0,36.0,1.0,Semiurban,Y,1370000.0
311,IP002004,Male,No,0,Not Graduate,No,2927,111.0,36.0,1.0,Semiurban,Y,2220000.0
312,IP002006,Female,No,0,Graduate,No,2507,56.0,36.0,1.0,Rural,Y,1470000.0
313,IP002008,Male,Yes,2,Graduate,Yes,5746,144.0,84.0,0.8421985815602837,Rural,Y,2770000.0
314,IP002024,Male,Yes,0,Graduate,No,2473,159.0,36.0,1.0,Rural,N,27200000.0
315,IP002031,Male,Yes,1,Not Graduate,No,3399,111.0,18.0,1.0,Urban,Y,2220000.0
316,IP002035,Male,Yes,2,Graduate,No,3717,120.0,36.0,1.0,Semiurban,Y,2300000.0
317,IP002036,Male,Yes,0,Graduate,No,2058,88.0,36.0,0.8421985815602837,Urban,Y,1460000.0
318,IP002043,Female,No,1,Graduate,No,3541,112.0,36.0,0.8421985815602837,Semiurban,Y,2230000.0
319,IP002050,Male,Yes,1,Graduate,Yes,10000,155.0,36.0,1.0,Rural,N,2770000.0
320,IP002051,Male,Yes,0,Graduate,No,2400,115.0,36.0,1.0,Semiurban,Y,2270000.0
321,IP002053,Male,Yes,3+,Graduate,No,4342,124.0,36.0,1.0,Semiurban,Y,2370000.0
322,IP002054,Male,Yes,2,Not Graduate,No,3601,146.41216216216216,36.0,1.0,Rural,Y,2736452.7027027025
323,IP002055,Female,No,0,Graduate,No,3166,132.0,36.0,0.8421985815602837,Rural,Y,2530000.0
324,IP002065,Male,Yes,3+,Graduate,No,15000,300.0,36.0,1.0,Rural,Y,4500000.0
325,IP002067,Male,Yes,1,Graduate,Yes,8666,376.0,36.0,0.0,Rural,N,5070000.0
326,IP002068,Male,No,0,Graduate,No,4917,130.0,36.0,0.0,Rural,Y,2500000.0
327,IP002082,Male,Yes,0,Graduate,Yes,5818,184.0,36.0,1.0,Semiurban,Y,2970000.0
328,IP002086,Female,Yes,0,Graduate,No,4333,110.0,36.0,1.0,Urban,N,2200000.0
329,IP002087,Female,No,0,Graduate,No,2500,67.0,36.0,1.0,Urban,Y,1010000.0
330,IP002097,Male,No,1,Graduate,No,4384,117.0,36.0,1.0,Urban,Y,2270000.0
331,IP002098,Male,No,0,Graduate,No,2935,98.0,36.0,1.0,Semiurban,Y,1490000.0
332,IP002100,Male,No,0,Graduate,No,2833,71.0,36.0,1.0,Urban,Y,1120000.0
333,IP002101,Male,Yes,0,Graduate,No,63337,490.0,18.0,1.0,Urban,Y,6100000.0
334,IP002103,Male,Yes,1,Graduate,Yes,9833,182.0,18.0,1.0,Urban,Y,2930000.0
335,IP002106,Male,Yes,0,Graduate,Yes,5503,70.0,34.245,1.0,Semiurban,Y,1000000.0
336,IP002110,Male,Yes,1,Graduate,No,5250,160.0,36.0,1.0,Rural,Y,2700000.0
337,IP002112,Male,Yes,2,Graduate,Yes,2500,176.0,36.0,1.0,Rural,Y,2770000.0
338,IP002113,Female,No,3+,Not Graduate,No,1830,146.41216216216216,36.0,0.0,Urban,N,2736452.7027027025
339,IP002114,Female,No,0,Graduate,No,4160,71.0,36.0,1.0,Semiurban,Y,1320000.0
340,IP002115,Male,Yes,3+,Not Graduate,No,2647,173.0,36.0,1.0,Rural,N,2750000.0
341,IP002116,Female,No,0,Graduate,No,2378,46.0,36.0,1.0,Rural,N,1070000.0
342,IP002119,Male,Yes,1,Not Graduate,No,4554,158.0,36.0,1.0,Urban,Y,2790000.0
343,IP002126,Male,Yes,3+,Not Graduate,No,3173,74.0,36.0,1.0,Semiurban,Y,1270000.0
344,IP002128,Male,Yes,2,Graduate,No,2583,125.0,36.0,1.0,Rural,Y,2070000.0
345,IP002129,Male,Yes,0,Graduate,No,2499,160.0,36.0,1.0,Semiurban,Y,2100000.0
346,IP002130,Male,Yes,0,Not Graduate,No,3523,152.0,36.0,0.0,Rural,N,2730000.0
347,IP002131,Male,Yes,2,Not Graduate,No,3083,126.0,36.0,1.0,Urban,Y,2370000.0
348,IP002137,Male,Yes,0,Graduate,No,6333,259.0,36.0,0.8421985815602837,Semiurban,Y,3720000.0
349,IP002138,Male,Yes,0,Graduate,No,2625,187.0,36.0,1.0,Rural,Y,2370000.0
350,IP002139,Male,Yes,0,Graduate,No,9083,228.0,36.0,1.0,Semiurban,Y,3190000.0
351,IP002140,Male,No,0,Graduate,No,8750,308.0,36.0,1.0,Rural,N,4490000.0
352,IP002141,Male,Yes,3+,Graduate,No,2666,95.0,36.0,1.0,Rural,Y,1270000.0
353,IP002142,Female,Yes,0,Graduate,Yes,5500,105.0,36.0,0.0,Rural,N,2070000.0
354,IP002143,Female,Yes,0,Graduate,No,2423,130.0,36.0,1.0,Semiurban,Y,2000000.0
355,IP002144,Female,No,0,Graduate,No,3813,116.0,18.0,1.0,Urban,Y,2070000.0
356,IP002149,Male,Yes,2,Graduate,No,8333,165.0,36.0,1.0,Rural,Y,2470000.0
357,IP002151,Male,Yes,1,Graduate,No,3875,67.0,36.0,1.0,Urban,N,1270000.0
358,IP002158,Male,Yes,0,Not Graduate,No,3000,100.0,48.0,0.0,Urban,N,1200000.0
359,IP002160,Male,Yes,3+,Graduate,No,5167,200.0,36.0,1.0,Semiurban,Y,3000000.0
360,IP002161,Female,No,1,Graduate,No,4723,81.0,36.0,1.0,Semiurban,N,1320000.0
361,IP002170,Male,Yes,2,Graduate,No,5000,236.0,36.0,1.0,Semiurban,Y,3570000.0
362,IP002175,Male,Yes,0,Graduate,No,4750,130.0,36.0,1.0,Urban,Y,2100000.0
363,IP002178,Male,Yes,0,Graduate,No,3013,95.0,3.0,0.8421985815602837,Urban,Y,1270000.0
364,IP002180,Male,No,0,Graduate,Yes,6822,141.0,36.0,1.0,Rural,Y,2720000.0
365,IP002181,Male,No,0,Not Graduate,No,6216,133.0,36.0,1.0,Rural,N,2550000.0
366,IP002187,Male,No,0,Graduate,No,2500,96.0,48.0,1.0,Semiurban,N,2070000.0
367,IP002188,Male,No,0,Graduate,No,5124,124.0,34.245,0.0,Rural,N,2370000.0
368,IP002190,Male,Yes,1,Graduate,No,6325,175.0,36.0,1.0,Semiurban,Y,2770000.0
369,IP002191,Male,Yes,0,Graduate,No,19730,570.0,36.0,1.0,Rural,N,6600000.0
370,IP002194,Female,No,0,Graduate,Yes,15759,55.0,36.0,1.0,Semiurban,Y,1070000.0
371,IP002197,Male,Yes,2,Graduate,No,5185,155.0,36.0,1.0,Semiurban,Y,2170000.0
372,IP002201,Male,Yes,2,Graduate,Yes,9323,380.0,3.0,1.0,Rural,Y,4900000.0
373,IP002205,Male,No,1,Graduate,No,3062,111.0,18.0,0.0,Urban,N,2220000.0
374,IP002209,Female,No,0,Graduate,No,2764,110.0,36.0,1.0,Urban,Y,2200000.0
375,IP002211,Male,Yes,0,Graduate,No,4817,120.0,18.0,1.0,Urban,Y,2300000.0
376,IP002219,Male,Yes,3+,Graduate,No,8750,130.0,36.0,1.0,Rural,Y,2500000.0
377,IP002223,Male,Yes,0,Graduate,No,4310,130.0,36.0,0.8421985815602837,Semiurban,Y,2500000.0
378,IP002224,Male,No,0,Graduate,No,3069,71.0,48.0,1.0,Urban,N,1720000.0
379,IP002225,Male,Yes,2,Graduate,No,5391,130.0,36.0,1.0,Urban,Y,2500000.0
380,IP002226,Male,Yes,0,Graduate,No,3333,128.0,36.0,1.0,Semiurban,Y,2390000.0
381,IP002229,Male,No,0,Graduate,No,5941,296.0,36.0,1.0,Semiurban,Y,3470000.0
382,IP002231,Female,No,0,Graduate,No,6000,156.0,36.0,1.0,Urban,Y,2570000.0
383,IP002234,Male,No,0,Graduate,Yes,7167,128.0,36.0,1.0,Urban,Y,2390000.0
384,IP002236,Male,Yes,2,Graduate,No,4566,100.0,36.0,1.0,Urban,N,1900000.0
385,IP002237,Male,No,1,Graduate,No,3667,113.0,18.0,1.0,Urban,Y,2250000.0
386,IP002239,Male,No,0,Not Graduate,No,2346,132.0,36.0,1.0,Semiurban,Y,2530000.0
387,IP002243,Male,Yes,0,Not Graduate,No,3010,146.41216216216216,36.0,0.0,Urban,N,2736452.7027027025
388,IP002244,Male,Yes,0,Graduate,No,2333,136.0,36.0,1.0,Urban,Y,2570000.0
389,IP002250,Male,Yes,0,Graduate,No,5488,125.0,36.0,1.0,Rural,Y,2370000.0
390,IP002255,Male,No,3+,Graduate,No,9167,185.0,36.0,1.0,Rural,Y,2970000.0
391,IP002262,Male,Yes,3+,Graduate,No,9504,275.0,36.0,1.0,Rural,Y,3770000.0
392,IP002263,Male,Yes,0,Graduate,No,2583,120.0,36.0,0.8421985815602837,Urban,Y,2300000.0
393,IP002265,Male,Yes,2,Not Graduate,No,1993,113.0,18.0,1.0,Semiurban,Y,2250000.0
394,IP002266,Male,Yes,2,Graduate,No,3100,113.0,36.0,1.0,Urban,Y,2250000.0
395,IP002272,Male,Yes,2,Graduate,No,3276,135.0,36.0,0.8421985815602837,Semiurban,Y,2570000.0
396,IP002277,Female,No,0,Graduate,No,3180,71.0,36.0,0.0,Urban,N,1330000.0
397,IP002281,Male,Yes,0,Graduate,No,3033,95.0,36.0,1.0,Urban,Y,1270000.0
398,IP002284,Male,No,0,Not Graduate,No,3902,109.0,36.0,1.0,Rural,Y,2000000.0
399,IP002287,Female,No,0,Graduate,No,1500,103.0,36.0,0.0,Semiurban,N,2050000.0
400,IP002288,Male,Yes,2,Not Graduate,No,2889,45.0,18.0,0.0,Urban,N,870000.0
401,IP002296,Male,No,0,Not Graduate,No,2755,65.0,3.0,1.0,Rural,N,680000.0
402,IP002297,Male,No,0,Graduate,No,2500,103.0,36.0,1.0,Semiurban,Y,1750000.0
403,IP002300,Female,No,0,Not Graduate,No,1963,53.0,36.0,1.0,Semiurban,Y,1150000.0
404,IP002301,Female,No,0,Graduate,Yes,7441,194.0,36.0,1.0,Rural,N,2870000.0
405,IP002305,Female,No,0,Graduate,No,4547,115.0,36.0,1.0,Semiurban,Y,2270000.0
406,IP002308,Male,Yes,0,Not Graduate,No,2167,115.0,36.0,1.0,Urban,Y,2270000.0
407,IP002314,Female,No,0,Not Graduate,No,2213,66.0,36.0,1.0,Rural,Y,1070000.0
408,IP002315,Male,Yes,1,Graduate,No,8300,152.0,3.0,0.0,Semiurban,N,1600000.0
409,IP002317,Male,Yes,3+,Graduate,No,81000,360.0,36.0,0.0,Rural,N,4700000.0
410,IP002318,Female,No,1,Not Graduate,Yes,3867,62.0,36.0,1.0,Semiurban,N,1230000.0
411,IP002319,Male,Yes,0,Graduate,No,6256,160.0,36.0,0.8421985815602837,Urban,Y,2700000.0
412,IP002328,Male,Yes,0,Not Graduate,No,6096,218.0,36.0,0.0,Rural,N,3190000.0
413,IP002332,Male,Yes,0,Not Graduate,No,2253,110.0,36.0,1.0,Rural,Y,2100000.0
414,IP002335,Female,Yes,0,Not Graduate,No,2149,178.0,36.0,0.0,Semiurban,N,2590000.0
415,IP002337,Female,No,0,Graduate,No,2995,60.0,36.0,1.0,Urban,Y,1200000.0
416,IP002341,Female,No,1,Graduate,No,2600,160.0,36.0,1.0,Urban,N,2700000.0
417,IP002342,Male,Yes,2,Graduate,Yes,1600,239.0,36.0,1.0,Urban,N,3200000.0
418,IP002345,Male,Yes,0,Graduate,No,1025,112.0,36.0,1.0,Rural,Y,2230000.0
419,IP002347,Male,Yes,0,Graduate,No,3246,138.0,36.0,1.0,Semiurban,Y,2590000.0
420,IP002348,Male,Yes,0,Graduate,No,5829,138.0,36.0,1.0,Rural,Y,2590000.0
421,IP002357,Female,No,0,Not Graduate,No,2720,80.0,34.245,0.0,Urban,N,1100000.0
422,IP002361,Male,Yes,0,Graduate,No,1820,100.0,36.0,1.0,Urban,Y,1200000.0
423,IP002362,Male,Yes,1,Graduate,No,7250,110.0,34.245,0.0,Urban,N,2200000.0
424,IP002364,Male,Yes,0,Graduate,No,14880,96.0,36.0,1.0,Semiurban,Y,1270000.0
425,IP002366,Male,Yes,0,Graduate,No,2666,121.0,36.0,1.0,Rural,Y,2120000.0
426,IP002367,Female,No,1,Not Graduate,No,4606,81.0,36.0,1.0,Rural,N,1320000.0
427,IP002368,Male,Yes,2,Graduate,No,5935,133.0,36.0,1.0,Semiurban,Y,2550000.0
428,IP002369,Male,Yes,0,Graduate,No,2920,87.0,36.0,1.0,Rural,Y,1270000.0
429,IP002370,Male,No,0,Not Graduate,No,2717,60.0,18.0,1.0,Urban,Y,700000.0
430,IP002377,Female,No,1,Graduate,Yes,8624,150.0,36.0,1.0,Semiurban,Y,2700000.0
431,IP002379,Male,No,0,Graduate,No,6500,105.0,36.0,0.0,Rural,N,2070000.0
432,IP002386,Male,No,0,Graduate,No,12876,405.0,36.0,1.0,Semiurban,Y,6810000.0
433,IP002387,Male,Yes,0,Graduate,No,2425,143.0,36.0,1.0,Semiurban,Y,2750000.0
434,IP002390,Male,No,0,Graduate,No,3750,100.0,36.0,1.0,Urban,Y,2200000.0
435,IP002393,Female,Yes,0,Graduate,No,10047,146.41216216216216,24.0,1.0,Semiurban,Y,2736452.7027027025
436,IP002398,Male,No,0,Graduate,No,1926,50.0,36.0,1.0,Semiurban,Y,1300000.0
437,IP002401,Male,Yes,0,Graduate,No,2213,146.41216216216216,36.0,1.0,Urban,Y,2736452.7027027025
438,IP002403,Male,No,0,Graduate,Yes,10416,187.0,36.0,0.0,Urban,N,2970000.0
439,IP002407,Female,Yes,0,Not Graduate,Yes,7142,138.0,36.0,1.0,Rural,Y,2390000.0
440,IP002408,Male,No,0,Graduate,No,3660,187.0,36.0,1.0,Semiurban,Y,2970000.0
441,IP002409,Male,Yes,0,Graduate,No,7901,180.0,36.0,1.0,Rural,Y,2900000.0
442,IP002418,Male,No,3+,Not Graduate,No,4707,148.0,36.0,1.0,Semiurban,Y,2390000.0
443,IP002422,Male,No,1,Graduate,No,37719,152.0,36.0,1.0,Semiurban,Y,2630000.0
444,IP002424,Male,Yes,0,Graduate,No,7333,175.0,3.0,0.8421985815602837,Rural,Y,2770000.0
445,IP002429,Male,Yes,1,Graduate,Yes,3466,130.0,36.0,1.0,Rural,Y,2500000.0
446,IP002434,Male,Yes,2,Not Graduate,No,4652,110.0,36.0,1.0,Rural,Y,2200000.0
447,IP002435,Male,Yes,0,Graduate,No,3539,55.0,36.0,1.0,Rural,N,1170000.0
448,IP002443,Male,Yes,2,Graduate,No,3340,150.0,36.0,0.0,Rural,N,2600000.0
449,IP002444,Male,No,1,Not Graduate,Yes,2769,190.0,36.0,0.8421985815602837,Semiurban,N,2500000.0
450,IP002446,Male,Yes,2,Not Graduate,No,2309,125.0,36.0,0.0,Rural,N,2370000.0
451,IP002447,Male,Yes,2,Not Graduate,No,1958,60.0,3.0,0.8421985815602837,Urban,Y,600000.0
452,IP002448,Male,Yes,0,Graduate,No,3948,149.0,36.0,0.0,Rural,N,2700000.0
453,IP002449,Male,Yes,0,Graduate,No,2483,90.0,18.0,0.0,Rural,Y,2100000.0
454,IP002453,Male,No,0,Graduate,Yes,7085,84.0,36.0,1.0,Semiurban,Y,970000.0
455,IP002455,Male,Yes,2,Graduate,No,3859,96.0,36.0,1.0,Semiurban,Y,2070000.0
456,IP002459,Male,Yes,0,Graduate,No,4301,118.0,36.0,1.0,Urban,Y,2290000.0
457,IP002467,Male,Yes,0,Graduate,No,3708,173.0,36.0,1.0,Urban,N,2750000.0
458,IP002472,Male,No,2,Graduate,No,4354,136.0,36.0,1.0,Rural,Y,2570000.0
459,IP002473,Male,Yes,0,Graduate,No,8334,160.0,36.0,1.0,Semiurban,N,2700000.0
460,IP002478,Male,Yes,0,Graduate,Yes,2083,160.0,36.0,0.8421985815602837,Semiurban,Y,2700000.0
461,IP002484,Male,Yes,3+,Graduate,No,7740,128.0,18.0,1.0,Urban,Y,2390000.0
462,IP002487,Male,Yes,0,Graduate,No,3015,153.0,36.0,1.0,Rural,Y,2750000.0
463,IP002489,Female,No,1,Not Graduate,No,5191,132.0,36.0,1.0,Semiurban,Y,2530000.0
464,IP002493,Male,No,0,Graduate,No,4166,98.0,36.0,0.0,Semiurban,N,2090000.0
465,IP002494,Male,No,0,Graduate,No,6000,140.0,36.0,1.0,Rural,Y,2700000.0
466,IP002500,Male,Yes,3+,Not Graduate,No,2947,70.0,18.0,0.0,Urban,N,700000.0
467,IP002501,Male,Yes,0,Graduate,No,16692,110.0,36.0,1.0,Semiurban,Y,2200000.0
468,IP002502,Female,Yes,2,Not Graduate,No,210,98.0,36.0,1.0,Semiurban,Y,2090000.0
469,IP002505,Male,Yes,0,Graduate,No,4333,110.0,36.0,1.0,Urban,N,2200000.0
470,IP002515,Male,Yes,1,Graduate,Yes,3450,162.0,36.0,1.0,Semiurban,Y,2730000.0
471,IP002517,Male,Yes,1,Not Graduate,No,2653,113.0,18.0,0.0,Rural,N,2250000.0
472,IP002519,Male,Yes,3+,Graduate,No,4691,100.0,36.0,1.0,Semiurban,Y,1200000.0
473,IP002522,Female,No,0,Graduate,Yes,2500,93.0,36.0,0.8421985815602837,Urban,Y,1250000.0
474,IP002524,Male,No,2,Graduate,No,5532,162.0,36.0,1.0,Rural,Y,2730000.0
475,IP002527,Male,Yes,2,Graduate,Yes,16525,150.0,36.0,1.0,Rural,Y,2700000.0
476,IP002529,Male,Yes,2,Graduate,No,6700,230.0,3.0,1.0,Semiurban,Y,3500000.0
477,IP002530,Male,Yes,2,Graduate,No,2873,132.0,36.0,0.0,Semiurban,N,2530000.0
478,IP002531,Male,Yes,1,Graduate,Yes,16667,86.0,36.0,1.0,Semiurban,Y,1570000.0
479,IP002533,Male,Yes,2,Graduate,No,2947,146.41216216216216,36.0,1.0,Urban,N,2736452.7027027025
480,IP002534,Female,No,0,Not Graduate,No,4350,154.0,36.0,1.0,Rural,Y,2770000.0
481,IP002536,Male,Yes,3+,Not Graduate,No,3095,113.0,36.0,1.0,Rural,Y,2250000.0
482,IP002537,Male,Yes,0,Graduate,No,2083,128.0,36.0,1.0,Semiurban,Y,2390000.0
483,IP002541,Male,Yes,0,Graduate,No,10833,234.0,36.0,1.0,Semiurban,Y,3570000.0
484,IP002543,Male,Yes,2,Graduate,No,8333,246.0,36.0,1.0,Semiurban,Y,3770000.0
485,IP002544,Male,Yes,1,Not Graduate,No,1958,131.0,36.0,1.0,Rural,Y,2520000.0
486,IP002545,Male,No,2,Graduate,No,3547,80.0,36.0,0.0,Rural,N,1300000.0
487,IP002547,Male,Yes,1,Graduate,No,18333,500.0,36.0,1.0,Urban,N,6300000.0
488,IP002555,Male,Yes,2,Graduate,Yes,4583,160.0,36.0,1.0,Semiurban,Y,2400000.0
489,IP002556,Male,No,0,Graduate,No,2435,75.0,36.0,1.0,Urban,N,1300000.0
490,IP002560,Male,No,0,Not Graduate,No,2699,96.0,36.0,0.8421985815602837,Semiurban,Y,2070000.0
491,IP002562,Male,Yes,1,Not Graduate,No,5333,186.0,36.0,0.8421985815602837,Urban,Y,2970000.0
492,IP002571,Male,No,0,Not Graduate,No,3691,110.0,36.0,1.0,Rural,Y,2200000.0
493,IP002582,Female,No,0,Not Graduate,Yes,17263,225.0,36.0,1.0,Semiurban,Y,3370000.0
494,IP002585,Male,Yes,0,Graduate,No,3597,119.0,36.0,0.0,Rural,N,2400000.0
495,IP002586,Female,Yes,1,Graduate,No,3326,105.0,84.0,1.0,Semiurban,Y,2070000.0
496,IP002587,Male,Yes,0,Not Graduate,No,2600,107.0,36.0,1.0,Rural,Y,2070000.0
497,IP002588,Male,Yes,0,Graduate,No,4625,111.0,12.0,0.8421985815602837,Urban,Y,2220000.0
498,IP002600,Male,Yes,1,Graduate,Yes,2895,95.0,36.0,1.0,Semiurban,Y,1270000.0
499,IP002602,Male,No,0,Graduate,No,6283,209.0,36.0,0.0,Rural,N,3200000.0
500,IP002603,Female,No,0,Graduate,No,645,113.0,48.0,1.0,Rural,Y,2250000.0
501,IP002606,Female,No,0,Graduate,No,3159,100.0,36.0,1.0,Semiurban,Y,2200000.0
502,IP002615,Male,Yes,2,Graduate,No,4865,208.0,36.0,1.0,Semiurban,Y,3090000.0
503,IP002618,Male,Yes,1,Not Graduate,No,4050,138.0,36.0,0.8421985815602837,Rural,N,2590000.0
504,IP002619,Male,Yes,0,Not Graduate,No,3814,124.0,3.0,1.0,Semiurban,Y,2370000.0
505,IP002622,Male,Yes,2,Graduate,No,3510,243.0,36.0,1.0,Rural,Y,3750000.0
506,IP002624,Male,Yes,0,Graduate,No,20833,480.0,36.0,0.8421985815602837,Urban,Y,5900000.0
507,IP002625,Male,No,0,Graduate,No,3583,96.0,36.0,1.0,Urban,N,1270000.0
508,IP002626,Male,Yes,0,Graduate,Yes,2479,188.0,36.0,1.0,Urban,Y,2090000.0
509,IP002634,Female,No,1,Graduate,No,13262,40.0,36.0,1.0,Urban,Y,900000.0
510,IP002637,Male,No,0,Not Graduate,No,3598,100.0,36.0,1.0,Rural,N,2200000.0
511,IP002640,Male,Yes,1,Graduate,No,6065,250.0,36.0,1.0,Semiurban,Y,3600000.0
512,IP002643,Male,Yes,2,Graduate,No,3283,148.0,36.0,1.0,Urban,Y,2790000.0
513,IP002648,Male,Yes,0,Graduate,No,2130,70.0,18.0,1.0,Semiurban,N,700000.0
514,IP002652,Male,No,0,Graduate,No,5815,311.0,36.0,1.0,Rural,N,5220000.0
515,IP002659,Male,Yes,3+,Graduate,No,3466,150.0,36.0,1.0,Rural,Y,2600000.0
516,IP002670,Female,Yes,2,Graduate,No,2031,113.0,48.0,1.0,Semiurban,Y,2150000.0
517,IP002682,Male,Yes,0,Not Graduate,No,3074,123.0,36.0,0.0,Semiurban,N,2150000.0
518,IP002683,Male,No,0,Graduate,No,4683,185.0,36.0,1.0,Semiurban,N,2670000.0
519,IP002684,Female,No,0,Not Graduate,No,3400,95.0,36.0,1.0,Rural,N,1270000.0
520,IP002689,Male,Yes,2,Not Graduate,No,2192,45.0,36.0,1.0,Semiurban,Y,970000.0
521,IP002690,Male,No,0,Graduate,No,2500,55.0,36.0,1.0,Semiurban,Y,1070000.0
522,IP002692,Male,Yes,3+,Graduate,Yes,5677,100.0,36.0,1.0,Rural,Y,1200000.0
523,IP002693,Male,Yes,2,Graduate,Yes,7948,480.0,36.0,1.0,Rural,Y,7900000.0
524,IP002697,Male,No,0,Graduate,No,4680,146.41216216216216,36.0,1.0,Semiurban,N,2736452.7027027025
525,IP002699,Male,Yes,2,Graduate,Yes,17500,400.0,36.0,1.0,Rural,Y,6200000.0
526,IP002705,Male,Yes,0,Graduate,No,3775,110.0,36.0,1.0,Semiurban,Y,2000000.0
527,IP002706,Male,Yes,1,Not Graduate,No,5285,161.0,36.0,0.0,Semiurban,Y,2320000.0
528,IP002714,Male,No,1,Not Graduate,No,2679,94.0,36.0,1.0,Semiurban,Y,1270000.0
529,IP002716,Male,No,0,Not Graduate,No,6783,130.0,36.0,1.0,Semiurban,Y,2100000.0
530,IP002717,Male,Yes,0,Graduate,No,1025,216.0,36.0,0.8421985815602837,Rural,Y,3270000.0
531,IP002720,Male,Yes,3+,Graduate,No,4281,100.0,36.0,1.0,Urban,Y,2200000.0
532,IP002723,Male,No,2,Graduate,No,3588,110.0,36.0,0.0,Rural,N,2200000.0
533,IP002729,Male,No,1,Graduate,No,11250,196.0,36.0,0.8421985815602837,Semiurban,N,2970000.0
534,IP002731,Female,No,0,Not Graduate,Yes,18165,125.0,36.0,1.0,Urban,Y,2370000.0
535,IP002732,Male,No,0,Not Graduate,No,2550,126.0,36.0,1.0,Rural,Y,2370000.0
536,IP002734,Male,Yes,0,Graduate,No,6133,324.0,36.0,1.0,Urban,Y,4870000.0
537,IP002738,Male,No,2,Graduate,No,3617,107.0,36.0,1.0,Semiurban,Y,2070000.0
538,IP002739,Male,Yes,0,Not Graduate,No,2917,66.0,36.0,1.0,Rural,N,1270000.0
539,IP002740,Male,Yes,3+,Graduate,No,6417,157.0,18.0,1.0,Rural,Y,2370000.0
540,IP002741,Female,Yes,1,Graduate,No,4608,140.0,18.0,1.0,Semiurban,Y,2200000.0
541,IP002743,Female,No,0,Graduate,No,2138,99.0,36.0,0.0,Semiurban,N,1400000.0
542,IP002753,Female,No,1,Graduate,No,3652,95.0,36.0,1.0,Semiurban,Y,1270000.0
543,IP002755,Male,Yes,1,Not Graduate,No,2239,128.0,36.0,1.0,Urban,Y,2090000.0
544,IP002757,Female,Yes,0,Not Graduate,No,3017,102.0,36.0,0.8421985815602837,Semiurban,Y,2030000.0
545,IP002767,Male,Yes,0,Graduate,No,2768,155.0,36.0,1.0,Rural,Y,2470000.0
546,IP002768,Male,No,0,Not Graduate,No,3358,80.0,36.0,1.0,Semiurban,N,1500000.0
547,IP002772,Male,No,0,Graduate,No,2526,145.0,36.0,1.0,Rural,Y,2770000.0
548,IP002776,Female,No,0,Graduate,No,5000,103.0,36.0,0.0,Semiurban,N,2050000.0
549,IP002777,Male,Yes,0,Graduate,No,2785,110.0,36.0,1.0,Rural,Y,2200000.0
550,IP002778,Male,Yes,2,Graduate,Yes,6633,146.41216216216216,36.0,0.0,Rural,N,2736452.7027027025
551,IP002784,Male,Yes,1,Not Graduate,No,2492,146.41216216216216,36.0,1.0,Rural,Y,2736452.7027027025
552,IP002785,Male,Yes,1,Graduate,No,3333,158.0,36.0,1.0,Urban,Y,2790000.0
553,IP002788,Male,Yes,0,Not Graduate,No,2454,181.0,36.0,0.0,Urban,N,2520000.0
554,IP002789,Male,Yes,0,Graduate,No,3593,132.0,18.0,0.0,Rural,N,2230000.0
555,IP002792,Male,Yes,1,Graduate,No,5468,26.0,36.0,1.0,Semiurban,Y,570000.0
556,IP002794,Female,No,0,Graduate,No,2667,84.0,36.0,0.8421985815602837,Urban,Y,1570000.0
557,IP002795,Male,Yes,3+,Graduate,Yes,10139,260.0,36.0,1.0,Semiurban,Y,3700000.0
558,IP002798,Male,Yes,0,Graduate,No,3887,162.0,36.0,1.0,Semiurban,Y,2730000.0
559,IP002804,Female,Yes,0,Graduate,No,4180,182.0,36.0,1.0,Semiurban,Y,2930000.0
560,IP002807,Male,Yes,2,Not Graduate,No,3675,108.0,36.0,1.0,Semiurban,Y,2090000.0
561,IP002813,Female,Yes,1,Graduate,Yes,19484,600.0,36.0,1.0,Semiurban,Y,7000000.0
562,IP002820,Male,Yes,0,Graduate,No,5923,211.0,36.0,1.0,Rural,Y,3220000.0
563,IP002821,Male,No,0,Not Graduate,Yes,5800,132.0,36.0,1.0,Semiurban,Y,2530000.0
564,IP002832,Male,Yes,2,Graduate,No,8799,258.0,36.0,0.0,Urban,N,3790000.0
565,IP002833,Male,Yes,0,Not Graduate,No,4467,120.0,36.0,0.8421985815602837,Rural,Y,2300000.0
566,IP002836,Male,No,0,Graduate,No,3333,70.0,36.0,1.0,Urban,Y,700000.0
567,IP002837,Male,Yes,3+,Graduate,No,3400,123.0,36.0,0.0,Rural,N,2350000.0
568,IP002840,Female,No,0,Graduate,No,2378,9.0,36.0,1.0,Urban,N,200000.0
569,IP002841,Male,Yes,0,Graduate,No,3166,104.0,36.0,0.0,Urban,N,2000000.0
570,IP002842,Male,Yes,1,Graduate,No,3417,186.0,36.0,1.0,Urban,Y,2470000.0
571,IP002847,Male,Yes,0,Graduate,No,5116,165.0,36.0,0.0,Urban,N,2670000.0
572,IP002855,Male,Yes,2,Graduate,No,16666,275.0,36.0,1.0,Urban,Y,3570000.0
573,IP002862,Male,Yes,2,Not Graduate,No,6125,187.0,48.0,1.0,Semiurban,N,2770000.0
574,IP002863,Male,Yes,3+,Graduate,No,6406,150.0,36.0,1.0,Semiurban,N,2500000.0
575,IP002868,Male,Yes,2,Graduate,No,3159,108.0,84.0,1.0,Urban,Y,2090000.0
576,IP002872,Male,Yes,0,Graduate,No,3087,136.0,36.0,0.0,Semiurban,N,2370000.0
577,IP002874,Male,No,0,Graduate,No,3229,110.0,36.0,1.0,Urban,Y,2200000.0
578,IP002877,Male,Yes,1,Graduate,No,1782,107.0,36.0,1.0,Rural,Y,2070000.0
579,IP002888,Male,No,0,Graduate,No,3182,161.0,36.0,1.0,Urban,Y,2720000.0
580,IP002892,Male,Yes,2,Graduate,No,6540,205.0,36.0,1.0,Semiurban,Y,2970000.0
581,IP002893,Male,No,0,Graduate,No,1836,90.0,36.0,1.0,Urban,N,1200000.0
582,IP002894,Female,Yes,0,Graduate,No,3166,36.0,36.0,1.0,Semiurban,Y,770000.0
583,IP002898,Male,Yes,1,Graduate,No,1880,61.0,36.0,0.8421985815602837,Rural,N,1420000.0
584,IP002911,Male,Yes,1,Graduate,No,2787,146.0,36.0,0.0,Rural,N,2770000.0
585,IP002912,Male,Yes,1,Graduate,No,4283,172.0,84.0,1.0,Rural,N,2730000.0
586,IP002916,Male,Yes,0,Graduate,No,2297,104.0,36.0,1.0,Urban,Y,2070000.0
587,IP002917,Female,No,0,Not Graduate,No,2165,70.0,36.0,1.0,Semiurban,Y,1500000.0
588,IP002925,Male,No,0,Graduate,No,4750,94.0,36.0,1.0,Semiurban,Y,1270000.0
589,IP002926,Male,Yes,2,Graduate,Yes,2726,106.0,36.0,0.0,Semiurban,N,2070000.0
590,IP002928,Male,Yes,0,Graduate,No,3000,56.0,18.0,1.0,Semiurban,Y,770000.0
591,IP002931,Male,Yes,2,Graduate,Yes,6000,205.0,24.0,1.0,Semiurban,N,3070000.0
592,IP002933,Male,No,3+,Graduate,Yes,9357,292.0,36.0,1.0,Semiurban,Y,3230000.0
593,IP002936,Male,Yes,0,Graduate,No,3859,142.0,18.0,1.0,Rural,Y,2730000.0
594,IP002938,Male,Yes,0,Graduate,Yes,16120,260.0,36.0,1.0,Urban,Y,3700000.0
595,IP002940,Male,No,0,Not Graduate,No,3833,110.0,36.0,1.0,Rural,Y,2200000.0
596,IP002941,Male,Yes,2,Not Graduate,Yes,6383,187.0,36.0,1.0,Rural,N,2970000.0
597,IP002943,Male,No,0,Graduate,No,2987,88.0,36.0,0.0,Semiurban,N,1300000.0
598,IP002945,Male,Yes,0,Graduate,Yes,9963,180.0,36.0,1.0,Rural,Y,2900000.0
599,IP002948,Male,Yes,2,Graduate,No,5780,192.0,36.0,1.0,Urban,Y,3030000.0
600,IP002949,Female,No,3+,Graduate,No,416,350.0,18.0,0.8421985815602837,Urban,N,5200000.0
601,IP002950,Male,Yes,0,Not Graduate,No,2894,155.0,36.0,1.0,Rural,Y,2770000.0
602,IP002953,Male,Yes,3+,Graduate,No,5703,128.0,36.0,1.0,Urban,Y,2390000.0
603,IP002958,Male,No,0,Graduate,No,3676,172.0,36.0,1.0,Rural,Y,2730000.0
604,IP002959,Female,Yes,1,Graduate,No,12000,496.0,36.0,1.0,Semiurban,Y,6070000.0
605,IP002960,Male,Yes,0,Not Graduate,No,2400,146.41216216216216,18.0,1.0,Urban,N,2736452.7027027025
606,IP002961,Male,Yes,1,Graduate,No,3400,173.0,36.0,1.0,Semiurban,Y,2750000.0
607,IP002964,Male,Yes,2,Not Graduate,No,3987,157.0,36.0,1.0,Rural,Y,2770000.0
608,IP002974,Male,Yes,0,Graduate,No,3232,108.0,36.0,1.0,Rural,Y,2090000.0
609,IP002978,Female,No,0,Graduate,No,2900,71.0,36.0,1.0,Rural,Y,1820000.0
610,IP002979,Male,Yes,3+,Graduate,No,4106,40.0,18.0,1.0,Rural,Y,700000.0
611,IP002983,Male,Yes,1,Graduate,No,8072,253.0,36.0,1.0,Urban,Y,3750000.0
612,IP002984,Male,Yes,2,Graduate,No,7583,187.0,36.0,1.0,Urban,Y,2970000.0
613,IP002990,Female,No,0,Graduate,Yes,4583,133.0,36.0,0.0,Semiurban,N,2550000.0
